id,name,gender,email
1,Gabriel McMurrugh,Male,gmcmurrugh0@parallels.com
2,Stinky Louedey,Male,slouedey1@edublogs.org
3,Evvie Clinch,Female,eclinch2@creativecommons.org
4,Kamila Josefs,Female,kjosefs3@vimeo.com
5,Brandy Wickman,Female,bwickman4@last.fm
6,Mattie Klausen,Male,mklausen5@rakuten.co.jp
7,Pegeen Emlen,Female,pemlen6@cafepress.com
8,Broddie Jaquet,Male,bjaquet7@prweb.com
9,Bendicty Crissil,Male,bcrissil8@ning.com
10,Junie Ferri,Female,jferri9@fema.gov
11,Boris Alker,Male,balkera@archive.org
12,Dur Elbourn,Male,delbournb@goo.ne.jp
13,Robby Winham,Female,rwinhamc@timesonline.co.uk
14,Axel Slafford,Male,aslaffordd@mozilla.com
15,Aldus Cowill,Male,acowille@oaic.gov.au
16,Jordan Ladell,Female,jladellf@engadget.com
17,Reamonn Rosi,Male,rrosig@amazon.com
18,Pennie Chasemore,Female,pchasemoreh@exblog.jp
19,Willey Critchell,Male,wcritchelli@huffingtonpost.com
20,Aloysia Tegeller,Female,ategellerj@jigsy.com
21,Fenelia Corfield,Female,fcorfieldk@mit.edu
22,Heida Sarah,Female,hsarahl@tinyurl.com
23,Tremain Mapes,Male,tmapesm@sohu.com
24,Ines Lehrer,Female,ilehrern@yahoo.co.jp
25,Lion Scaysbrook,Male,lscaysbrooko@marriott.com
26,Paloma Cressar,Female,pcressarp@topsy.com
27,Kermit Flewett,Male,kflewettq@csmonitor.com
28,Junia Burnett,Female,jburnettr@uol.com.br
29,Temp Farrand,Male,tfarrands@livejournal.com
30,Bartholomeo Sangwine,Male,bsangwinet@imdb.com
31,Harwell Inglish,Male,hinglishu@networkadvertising.org
32,Bartram Kupper,Male,bkupperv@networksolutions.com
33,Annemarie Mayell,Female,amayellw@columbia.edu
34,Teresa Olliar,Female,tolliarx@weibo.com
35,Cosmo Klimontovich,Male,cklimontovichy@chron.com
36,Dougy Hendriks,Male,dhendriksz@bbc.co.uk
37,Lona Joll,Female,ljoll10@hatena.ne.jp
38,Joe Bellay,Male,jbellay11@fema.gov
39,Denny Darree,Female,ddarree12@imdb.com
40,Stefan Botton,Male,sbotton13@bloglovin.com
41,Bridgette Simmonds,Female,bsimmonds14@creativecommons.org
42,Philis Gwatkin,Female,pgwatkin15@stanford.edu
43,Arnold Glasser,Male,aglasser16@exblog.jp
44,Clea McLeese,Female,cmcleese17@miibeian.gov.cn
45,Thornie Van Weedenburg,Male,tvan18@photobucket.com
46,Kerby Bristow,Male,kbristow19@nydailynews.com
47,Marlo Winslade,Female,mwinslade1a@t-online.de
48,Hilda Stirrip,Female,hstirrip1b@yellowbook.com
49,Minnie Seagrove,Female,mseagrove1c@japanpost.jp
50,Reena Marron,Female,rmarron1d@amazon.co.jp
